{
  "0": {
    "precision": 0.475177304964539,
    "recall": 1.0,
    "f1-score": 0.6442307692307693,
    "support": 134.0
  },
  "1": { "precision": 0.0, "recall": 0.0, "f1-score": 0.0, "support": 148.0 },
  "accuracy": 0.475177304964539,
  "macro avg": {
    "precision": 0.2375886524822695,
    "recall": 0.5,
    "f1-score": 0.32211538461538464,
    "support": 282.0
  },
  "weighted avg": {
    "precision": 0.2257934711533625,
    "recall": 0.475177304964539,
    "f1-score": 0.3061238406983088,
    "support": 282.0
  }
}
